Workbook

Sheet Sheet1
A1: S.no | B1: Component | C1: Object description | D1: Wilo article number | E1: Unit price
A2: 1 | B2: 2041901 | C2: O-RING 412X7 ISO361B EPDM | E2: =VLOOKUP(B2,Sheet2!$A$1:$D$650,3,FALSE) -> 1.56
A3: 2 | B3: 2056450 | C3: SCREW PLUG DIN96 R3/8"-A2 | E3: =VLOOKUP(B3,Sheet2!$A$1:$D$650,3,FALSE) -> 0.71
A4: 3 | B4: 2082776 | C4: O-RING 224X3,55 ISO361B EPDM | E4: =VLOOKUP(B4,Sheet2!$A$1:$D$650,3,FALSE) -> 0.93
A5: 4 | B5: 2082778 | C5: O-RING 338X5,3 ISO361B EPDM | E5: =VLOOKUP(B5,Sheet2!$A$1:$D$650,3,FALSE) -> 401.56
A6: 5 | B6: 2109329 | C6: WASHER FST VZ M6 NZG | E6: =VLOOKUP(B6,Sheet2!$A$1:$D$650,3,FALSE) -> 0.2
A7: 6 | B7: 2141016 | C7: PH.B32/16.1-P223 16 GG KTL MX | E7: =VLOOKUP(B7,Sheet2!$A$1:$D$650,3,FALSE) -> 43.6184
A8: 7 | B8: 2141028 | C8: PH.B32/125-P188 16 GG KTL MX | E8: =VLOOKUP(B8,Sheet2!$A$1:$D$650,3,FALSE) -> 39.4044
A9: 8 | B9: 2141032 | C9: PH.B32/16-P223 16 GG KTL MX | E9: =VLOOKUP(B9,Sheet2!$A$1:$D$650,3,FALSE) -> 43.421
A10: 9 | B10: 2141036 | C10: PH.B32/2-P253 16 GG KTL MX | E10: =VLOOKUP(B10,Sheet2!$A$1:$D$650,3,FALSE) -> 51.7132
A11: 10 | B11: 2141040 | C11: PH.B32/25-P36 16 GG KTL MX | E11: =VLOOKUP(B11,Sheet2!$A$1:$D$650,3,FALSE) -> 62.594
A12: 11 | B12: 2141044 | C12: PH.B4/125-P188 16 GG KTL MX | E12: =VLOOKUP(B12,Sheet2!$A$1:$D$650,3,FALSE) -> 47.1324
A13: 12 | B13: 2141048 | C13: PH.B4/16-P223 16 GG KTL MX | E13: =VLOOKUP(B13,Sheet2!$A$1:$D$650,3,FALSE) -> 45.5392
... A529: 528 | B529: 9075030 | C529: 1/2 Steel CPL Guard 320x235x117-R60 | E529: =VLOOKUP(B529,Sheet2!$A$1:$D$650,3,FALSE) -> 10

Sheet Sheet3
A1: S.no | B1: Component | C1: Object description | D1: Wilo article number | E1: Unit price
A2: 101 | B2: 2141476 | C2: Impeller 32/125-15-85/22 1.448 fin MX
A3: 102 | B3: 2141478 | C3: Impeller 32/16-174-84/22 1.448 fin MX
A4: 103 | B4: 2141482 | C4: Impeller 32/25-264-96/22 1.448 fin MX
A5: 104 | B5: 2141484 | C5: Impeller 4/125-15-11/22 1.448 fin MX
A6: 105 | B6: 2141486 | C6: Impeller 4/16-181-84/22 1.448 fin MX
A7: 106 | B7: 2141488 | C7: Impeller 4/2-215-84/22 1.448 fin MX
A8: 107 | B8: 2141490 | C8: Impeller 4/25-256-15/22 1.448 fin MX
A9: 108 | B9: 2141492 | C9: Impeller 4/315-338-11/3 1.448 fin MX
A10: 109 | B10: 2141494 | C10: Impeller 5/125-15-11/22 1.448 fin MX
A11: 110 | B11: 2141496 | C11: Impeller 5/16-189-12/22 1.448 fin MX
A12: 111 | B12: 2141498 | C12: mpeller 5/2-224-115/22 1.448 fin MX
A13: 112 | B13: 2141502 | C13: Impeller 5/315-329-11/3 1.448 fin MX
... A88: 528 | B88: 9075030 | C88: 1/2 Steel CPL Guard 320x235x117-R60

Sheet Sheet2
A1: items | B1: description | C1: USD | D1: Supplier
A2: 9001669 | B2: Iron Cushion BDT100x50-20 | C2: 5 | D2: WCN
A3: 9001672 | B3: Iron Cushion BDT125x65-20 Q235 | C3: 4.47 | D3: WCN
A4: 9001675 | B4: Iron Cushion BDT160x80-25 Q235 | C4: 5.84 | D4: WCN
A5: 9001676 | B5: Iron Cushion BDT160x80-30 Q235 | C5: 5.62 | D5: WCN
A6: 9001681 | B6: Iron Cushion ZJDT160x60-20 Q235 | C6: 5.05 | D6: WCN
A7: 9001683 | B7: Iron Cushion ZJDT160x60-45 Q235 | C7: 11.04 | D7: WCN
A8: 9001686 | B8: Iron Cushion ZJDT160x80-50 Q235 | C8: 10.88 | D8: WCN
A9: 9001687 | B9: Iron Cushion ZJDT160x80-55 Q235 | C9: 10.22 | D9: WCN
A10: 9001688 | B10: Iron Cushion ZJDT160x80-80 Q235 | C10: 15.16 | D10: WCN
A11: 9001689 | B11: Iron Cushion ZJDT160x80-90 Q235 | C11: 15.7 | D11: WCN
A12: 9003050 | B12: Iron Cushion BDT-50 400x160x50 Q235 | C12: 28.27 | D12: WCN
A13: 9003051 | B13: Iron Cushion BDT-65 400x160x65 Q235 | C13: 44.34 | D13: WCN
... A88: 9049957 | B88: Drilled Iron Cushion DJDT90L-70 | C88: 10.03 | D88: WCN
A89: 9049958 | B89: Drilled Iron Cushion DJDT90L-90 | C89: 10.31 | D89: WCN
A90: 9049959 | B90: Drilled Iron Cushion DJDT90S-110 | C90: 11.52 | D90: WCN
A91: 9049960 | B91: Drilled Iron Cushion DJDT90S-22 | C91: 3.70 | D91: WCN
A92: 9049961 | B92: Drilled Iron Cushion DJDT90S-42 | C92: 7.89 | D92: WCN
A93: 9049962 | B93: Drilled Iron Cushion DJDT90S-70 | C93: 10.03 | D93: WCN
A94: 9049963 | B94: Drilled Iron Cushion DJDT90S-90 | C94: 11.23 | D94: WCN
A95: 9049965 | B95: Iron Cushion BDT240x100-28 | C95: 8.41 | D95: WCN
A96: 9049966 | B96: Iron Cushion BDT265x100-20 | C96: 8.04 | D96: WCN
A97: 9049968 | B97: Iron Cushion BDT345x125-25 | C97: 18 | D97: WCN
A98: 9049969 | B98: Iron Cushion BDT265x100-40 | C98: 20.34 | D98: WCN
A99: 9049972 | B99: Iron Cushion BDT345x125-70 | C99: 25.85 | D99: WCN
A100: 9049973 | B100: Iron Cushion BDT345x125-20 | C100: 10.53 | D100: WCN
A101: 9049974 | B101: Iron Cushion BDT400x160-30 | C101: 16.05 | D101: WCN
A102: 9049975 | B102: Iron Cushion BDT550x200-35 | C102: 35.82 | D102: WCN
A103: 9049977 | B103: Iron Cushion BDT500x200-35 | C103: 38.9 | D103: WCN
A104: 9049978 | B104: Iron Cushion ZJDT160x60-28 | C104: 5.07 | D104: WCN
A105: 9049979 | B105: Iron Cushion ZJDT160x60-40 | C105: 13.42 | D105: WCN
A106: 9049981 | B106: Iron Cushion ZJDT160x60-20 | C106: 3.08 | D106: WCN
A107: 9049984 | B107: Iron Cushion ZJDT160x60-35 | C107: 6.84 | D107: WCN
A108: 9049987 | B108: Iron Cushion BDT345x125-55 | C108: 22.63 | D108: WCN
... A203: 2212307 | B203: m.seal eMG12/28-G6 AQ7EGG | C203: 20.61 | D203: Vulcan
A204: 9002952 | B204: Bearing 6311-2Z/C3-SKF | C204: =102/3.67 -> 27.792916 | D204: cangzhou hongyuan
A205: 9003518 | B205: Bearing 6308-2Z/C3-SKF | C205: =41.5/3.67 -> 11.307902 | D205: cangzhou hongyuan
A206: 9066946 | B206: Bearing 6306-C-2Z-L069-C3 FAG | C206: 7.3 | D206: cangzhou hongyuan
A207: 4049642 | B207: CIRCLIPS I 120x4 | C207: 1.21 | D207: beijing youqiang
A208: 6085059 | B208: circlips 90x3 DIN472 FST | C208: 0.38 | D208: beijing youqiang
A209: 6002186 | B209: circlips 72x2,5 DIN472 FSt | C209: 0.18 | D209: beijing youqiang
A210: 8019126 | B210: V RING VA50-55 NL SG45 NBR 70SHA | C210: 0.71 | D210: Xiamen maifeng
A211: 8019124 | B211: V-Ring VA50-30 NL SG25 NBR 70ShA | C211: 0.42 | D211: Xiamen maifeng
A212: 8019125 | B212: V-Ring VA50-40 NL SG35 NBR 70ShA | C212: 0.65 | D212: Xiamen maifeng
A213: 2152019 | B213: O-Ring-ISO3601-1-378B-266,07x5,33-N EPDM | C213: 0.88 | D213: Xiamen maifeng
A214: 2152011 | B214: O-Ring-ISO3601-1-254B-139,29x3,53-N EPDM | C214: 0.56 | D214: Xiamen maifeng
A215: 2152013 | B215: O-Ring-ISO3601-1-261B-171,04x3,53-N EPDM | C215: 0.81 | D215: Xiamen maifeng
A216: 2160908 | B216: O-Ring-ISO3601-1-266B-202,79x3,53-N EPDM | C216: 0.89 | D216: Xiamen maifeng
A217: 2152017 | B217: O-Ring-ISO3601-1-376B-247,02x5,33-N EPDM | C217: 0.97 | D217: Xiamen maifeng
A218: 9001647 | B218: Plastic block R125 | C218: 0.42
A219: 9001651 | B219: Plastic block R140 | C219: 0.78
A220: 9001648 | B220: Plastic block R200 | C220: 1.41
A221: 9073344 | B221: Impeller 32/160.1-178_0/22 GG20 KTL MX | C221: 3.14 | D221: WCN
A222: 2141258 | B222: Impeller 32/160.1-178-84/22 GG20 KTL MX | C222: 254.61 | D222: WCN
A223: 9065835 | B223: Impeller 32/125-150-0/22 GG20 KTL MX | C223: 262.13 | D223: WCN
A224: 2141267 | B224: Impeller 32/125-150-85/22 GG20 KTL MX | C224: 190.09 | D224: WCN
A225: 9073364 | B225: IMPELLER 32/160-174_0/22 GG20 KTL MX | C225: 163 | D225: WCN
A226: 2141270 | B226: Impeller 32/160-174-84/22 GG20 KTL MX | C226: 267.72 | D226: WCN
A227: 9073374 | B227: Impeller 32/200-215_0/22 GG20 KTL MX | C227: 261.66 | D227: WCN
A228: 2141273 | B228: Impeller 32/200-215-84/22 GG20 KTL MX | C228: 301.79 | D228: WCN
A229: 2141276 | B229: IMPELLER 32/250-264-96/22 GG20 KTL MX | C229: 317.78 | D229: WCN
A230: 9065845 | B230: Impeller 40/125-150-0/22 GG20 KTL MX | C230: 408.22 | D230: WCN
A231: 2141279 | B231: Impeller 40/125-150-110/22 GG20 KTL MX | C231: 192.38 | D231: WCN
A232: 9073384 | B232: IMPELLER 40/160-181_0/22 GG20 KTL MX | C232: 172.77 | D232: WCN
... A278: 2141394 | B278: IMP 32/200-211-84/22 CuSn GEWU_NL MX | C278: 174 | D278: WCN
A279: 2141396 | B279: IMP 32/250-256-96/22 CuSn GEWU_NL MX | C279: 195.73 | D279: WCN
A280: 9065848 | B280: Impeller 40/125-150-0/22 CuAl BAL MX | C280: 293.08 | D280: WCN
A281: 2141398 | B281: IMP 40/125-140-110/22 CuSn GEWU_NL MX | C281: 92.26 | D281: WCN
A282: 9073387 | B282: IMPELLER 40/160-176_0/22 CuSn BAL MX | C282: 113.77 | D282: WCN
A283: 2141400 | B283: IMP 40/160-176-84/22 CuSn GEWU_NL MX | C283: 143.59 | D283: WCN
A284: 2141402 | B284: IMP 40/200-211-84/22 CuSn GEWU_NL MX | C284: 149.37 | D284: WCN
A285: 2141404 | B285: IMP 40/250-254-105/22 CuSn GEWU_NL MX | C285: 178.68 | D285: WCN
A286: 2141406 | B286: IMP 40/315-330-110/30 CuSn GEWU_NL MX | C286: 271.73 | D286: WCN
A287: 9065858 | B287: Impeller 50/125-150-0/22 CuAl BAL MX | C287: 450.65 | D287: WCN
A288: 2141408 | B288: IMP 50/125-145-110/22 CuSn GEWU_NL MX | C288: 99.81 | D288: WCN
A289: 2141410 | B289: IMP 50/160-178-120/22 CuSn GEWU_NL MX | C289: 127.15 | D289: WCN
A290: 2141412 | B290: IMP 50/200-216-115/22 CuSn GEWU_NL MX | C290: 138.02 | D290: WCN
... A300: 2141430 | B300: IMP 80/200-228-145/30 CuSn GEWU_NL MX | C300: 164.52 | D300: WCN
A301: 9063178 | B301: IMP 80/250-274-135/30 CuAl GEWU_NL MX | C301: 228.37 | D301: WCN
A302: 9060174 | B302: Imp 80/315-340-153/30 CuAl GEWU_NL MX | C302: 341.17 | D302: WCN
A303: 9062542 | B303: IMP80/400G2-426-180/38 CuAL GEWU_NL MX | C303: 352.59 | D303: WCN
A304: 2141439 | B304: IMP 100/160-180-145/30 CuSn GEWU_NL MX | C304: 718.21 | D304: WCN
A305: 2141441 | B305: IMP 100/200-228-145/30 CuAL GEWU_NL MX | C305: 214.81 | D305: WCN
A306: 2141444 | B306: IMP 100/250-280-135/30 CuAL GEWU_NL MX | C306: 237.17 | D306: WCN
A307: 2141447 | B307: IMP 100/315-342-153/38 CuAl GEWU_NL MX | C307: 321.98 | D307: WCN
A308: 9062556 | B308: IMP100/400G2-422-180/38 CuAL GEWU_NL MX | C308: 385.72 | D308: WCN
A309: 2141451 | B309: IMP 125/200-230-170/30 CuAL GEWU_NL MX | C309: 598.44 | D309: WCN
A310: 2141454 | B310: IMP 125/250-272-172/38 CuAL GEWU_NL MX | C310: 238.27 | D310: WCN
A311: 2141456 | B311: IMP 125/315-350-175/38 CuSn GEWU_NL MX | C311: 326.46 | D311: WCN
A312: 2141458 | B312: IMP 125/400-436-211/38 CuAL GEWU_NL MX | C312: 495.76 | D312: WCN
A313: 2141460 | B313: IMP 150/200-224-170/30 CuAL GEWU_NL MX | C313: 672.48 | D313: WCN
... A316: 9062444 | B316: IMP150/400G2-424-211/38 CuAL GEWU_NL MX | C316: 470.08 | D316: WCN
A317: 4107249 | B317: 1/2COUPLING GUARD-PP-SG.25 | C317: 694.21
A318: 4107250 | B318: 1/2COUPLING GUARD-PP-SG.35 | C318: 3.3
A319: 4107251 | B319: S-1/2COUPLING GUARD-PP-SG.45/156 | C319: 5.2
A320: 2142009 | B320: Spacer disc D.38,5/60x7 1.4021 MX | C320: 5.6 | D320: cangzhou hongyuan
A321: 2142008 | B321: Spacer disc D.30,5/50x6 1.4021 MX | C321: 1.281 | D321: cangzhou hongyuan
A322: 2142007 | B322: Spacer disc D.22,5/40x3,5 1.4021 MX | C322: 1.2418 | D322: cangzhou hongyuan
A323: 2141647 | B323: Shaft BB3-42-2 WL3 1.4021 | C323: 1.1634 | D323: tianjin lianggao
A324: 2141645 | B324: Shaft BB2-32-1 WL2 1.4021 | C324: 54.5888 | D324: tianjin lianggao
...
